<?xml version="1.0" encoding="UTF-8"?>
<project-private xmlns="http://www.netbeans.org/ns/project-private/1">
    <editor-bookmarks xmlns="http://www.netbeans.org/ns/editor-bookmarks/2" lastBookmarkId="0"/>
    <open-files xmlns="http://www.netbeans.org/ns/projectui-open-files/2">
        <group>
            <file>file:/C:/IS_TP1_Simulation/src/Simulation/Simulation.java</file>
            <file>file:/C:/IS_TP1_Simulation/src/XML/myPlaceSchema.xml</file>
            <file>file:/C:/IS_TP1_Simulation/src/is_tp1_sockets/IS_TP1_ClientSocketCow.java</file>
        </group>
    </open-files>
</project-private>
